cluster,Age,Annual Income (k$),Spending Score (1-100)
0,53.98461538461538,47.707692307692305,39.96923076923077
1,32.875,86.1,81.525
2,25.43859649122807,40.0,60.29824561403509
3,39.36842105263158,86.5,19.57894736842105
